timestamp,cpu,memory,disk
2026-04-24 01:29:02,38.6,85.4,0.7
2026-04-24 01:29:04,3.3,85.5,0.7
2026-04-24 01:29:06,1.6,85.4,0.7
2026-04-24 01:29:08,6.0,85.4,0.7
2026-04-24 01:29:10,3.1,85.1,0.7
2026-04-24 01:29:12,6.1,85.1,0.7
2026-04-24 01:29:14,5.3,85.1,0.7
2026-04-24 01:29:16,9.4,84.9,0.7
2026-04-24 01:29:18,7.9,84.8,0.7
2026-04-24 01:29:20,22.0,84.8,0.7
2026-04-24 01:29:22,30.4,85.2,0.7
2026-04-24 01:29:24,34.5,85.1,0.7
2026-04-24 01:29:26,24.1,85.3,0.7
2026-04-24 01:29:28,19.0,85.2,0.7
2026-04-24 01:29:30,12.4,85.4,0.7
2026-04-24 01:29:32,18.4,85.2,0.7
2026-04-24 01:29:34,3.9,85.2,0.7
2026-04-24 01:29:36,11.7,85.1,0.7
2026-04-24 01:29:38,24.9,85.2,0.7
2026-04-24 01:29:40,15.9,85.0,0.7
2026-04-24 01:29:42,10.6,84.8,0.7
2026-04-24 01:29:44,1.6,84.8,0.7
2026-04-24 01:29:46,5.8,84.9,0.7
2026-04-24 01:29:48,2.7,84.9,0.7
2026-04-24 01:29:50,1.4,84.8,0.7
2026-04-24 01:29:53,6.1,85.0,0.7
2026-04-24 01:29:55,35.2,85.1,0.7
2026-04-24 01:29:57,1.7,85.0,0.7
2026-04-24 01:29:59,7.3,84.8,0.7
2026-04-24 01:30:01,2.0,84.8,0.7
2026-04-24 01:30:03,0.2,84.8,0.7
2026-04-24 01:30:05,4.8,84.8,0.7
2026-04-24 01:30:07,3.9,84.8,0.7
2026-04-24 01:30:09,2.9,84.7,0.7
2026-04-24 01:30:11,8.0,84.8,0.7
2026-04-24 01:30:13,5.9,85.1,0.7
2026-04-24 01:30:15,2.1,85.0,0.7
2026-04-24 01:30:17,9.7,85.2,0.7
2026-04-24 01:30:19,12.5,85.2,0.7
2026-04-24 01:30:21,4.5,85.5,0.7
2026-04-24 01:30:23,2.1,85.4,0.7
2026-04-24 01:30:25,5.0,85.4,0.7
2026-04-24 01:30:27,2.5,85.4,0.7
2026-04-24 01:30:29,3.5,85.4,0.7
2026-04-24 01:30:31,1.8,85.4,0.7
2026-04-24 01:30:33,1.2,85.4,0.7
2026-04-24 01:30:35,1.8,85.4,0.7
2026-04-24 01:30:37,2.7,85.3,0.7
2026-04-24 01:30:39,0.8,85.3,0.7
2026-04-24 01:30:41,3.9,85.3,0.7
2026-04-24 01:30:43,1.5,85.3,0.7
2026-04-24 01:30:45,59.5,85.4,0.7
2026-04-24 01:30:47,39.2,85.4,0.7
2026-04-24 01:30:49,6.6,85.4,0.7
2026-04-24 01:30:51,13.7,85.5,0.7
2026-04-24 01:30:53,19.3,85.7,0.7
2026-04-24 01:30:55,6.2,85.7,0.7
2026-04-24 01:30:57,7.2,85.6,0.7
2026-04-24 01:30:59,14.9,85.8,0.7
2026-04-24 01:31:01,4.3,86.0,0.7
2026-04-24 01:31:03,33.1,86.3,0.7
2026-04-24 01:31:05,56.0,86.6,0.7
2026-04-24 01:31:07,21.4,86.8,0.7
2026-04-24 01:31:09,30.7,86.8,0.7
2026-04-24 01:31:11,2.7,86.7,0.7
2026-04-24 01:31:13,2.9,86.7,0.7
2026-04-24 01:31:15,14.2,86.7,0.7
2026-04-24 01:31:17,19.4,86.6,0.7
2026-04-24 01:31:19,24.3,87.8,0.7
2026-04-24 01:31:21,79.6,89.2,0.7
2026-04-24 01:31:23,40.7,89.5,0.7
2026-04-24 01:31:25,55.9,88.9,0.7
2026-04-24 01:31:27,46.8,88.3,0.7
2026-04-24 01:31:29,66.4,88.9,0.7
2026-04-24 01:31:31,50.9,89.2,0.7
2026-04-24 01:31:33,38.0,89.9,0.7
2026-04-24 01:31:35,26.1,90.1,0.7
2026-04-24 01:31:37,31.8,90.1,0.7
2026-04-24 01:31:39,34.2,90.0,0.7
2026-04-24 01:31:41,35.2,90.1,0.7
2026-04-24 01:31:43,19.6,89.9,0.7
2026-04-24 01:31:45,31.0,89.6,0.7
2026-04-24 01:31:47,42.2,89.8,0.7
2026-04-24 01:31:49,38.4,90.2,0.7
2026-04-24 01:31:51,45.8,89.3,0.7
2026-04-24 01:31:53,46.9,89.2,0.7
2026-04-24 01:31:55,40.7,89.5,0.7
2026-04-24 01:31:57,20.2,88.9,0.7
2026-04-24 01:31:59,45.2,89.5,0.7
2026-04-24 01:32:01,55.4,88.7,0.7
2026-04-24 01:32:03,41.4,88.3,0.7
2026-04-24 01:32:05,39.2,88.5,0.7
2026-04-24 01:32:07,24.1,88.0,0.7
2026-04-24 01:32:09,31.5,88.1,0.7
2026-04-24 01:32:11,34.9,88.1,0.7
2026-04-24 01:32:13,51.7,88.3,0.7
2026-04-24 01:32:15,54.6,88.6,0.7
2026-04-24 01:32:17,46.6,87.7,0.7
2026-04-24 01:32:19,46.9,87.9,0.7
2026-04-24 01:32:21,34.5,88.0,0.7
2026-04-24 01:32:23,31.9,87.9,0.7
2026-04-24 01:32:25,31.7,88.1,0.7
2026-04-24 01:32:27,33.9,88.0,0.7
2026-04-24 01:32:29,32.3,87.9,0.7
2026-04-24 01:32:31,33.4,87.9,0.7
2026-04-24 01:32:33,30.3,88.0,0.7
2026-04-24 01:32:35,48.9,88.1,0.7
2026-04-24 01:32:37,51.0,88.1,0.7
2026-04-24 01:32:39,29.9,88.0,0.7
2026-04-24 01:32:41,31.5,88.0,0.7
2026-04-24 01:32:43,32.0,88.1,0.7
2026-04-24 01:32:45,28.7,88.1,0.7
2026-04-24 01:32:47,30.9,88.1,0.7
2026-04-24 01:32:49,39.3,88.0,0.7
2026-04-24 01:32:51,43.7,88.0,0.7
2026-04-24 01:32:53,14.5,87.3,0.7
2026-04-24 01:32:55,14.6,87.2,0.7
2026-04-24 01:32:57,14.8,87.3,0.7
2026-04-24 01:32:59,14.3,87.1,0.7
2026-04-24 01:33:01,18.9,87.0,0.7
2026-04-24 01:33:03,21.3,87.2,0.7
2026-04-24 01:33:05,35.9,87.9,0.7
2026-04-24 01:33:07,28.8,87.8,0.7
2026-04-24 01:33:09,31.9,87.9,0.7
2026-04-24 01:33:11,58.7,88.4,0.7
2026-04-24 01:33:13,53.0,88.6,0.7
2026-04-24 01:33:15,32.0,88.2,0.7
2026-04-24 01:33:17,44.9,87.7,0.7
2026-04-24 01:33:19,36.6,88.9,0.7
2026-04-24 01:33:21,25.1,88.8,0.7
2026-04-24 01:33:23,22.6,88.8,0.7
2026-04-24 01:33:25,21.5,88.6,0.7
2026-04-24 01:33:27,51.2,88.8,0.7
2026-04-24 01:33:29,23.1,88.8,0.7
2026-04-24 01:33:31,58.6,89.0,0.7
2026-04-24 01:33:33,16.8,88.4,0.7
2026-04-24 01:33:35,19.4,88.0,0.7
2026-04-24 01:33:37,17.3,87.9,0.7
2026-04-24 01:33:39,22.7,87.8,0.7
2026-04-24 01:33:41,27.6,87.3,0.7
2026-04-24 01:33:43,7.4,86.9,0.7
2026-04-24 01:33:45,13.7,86.9,0.7
2026-04-24 01:33:47,27.3,86.9,0.7
2026-04-24 01:33:49,17.0,86.9,0.7
2026-04-24 01:33:51,15.3,87.0,0.7
2026-04-24 01:33:53,8.1,86.9,0.7
2026-04-24 01:33:55,46.3,87.3,0.7
2026-04-24 01:33:57,36.6,86.9,0.7
2026-04-24 01:33:59,37.6,87.2,0.7
2026-04-24 01:34:01,12.9,87.3,0.7
2026-04-24 01:34:03,16.5,87.3,0.7
2026-04-24 01:34:05,18.4,87.4,0.7
2026-04-24 01:34:07,5.8,87.3,0.7
2026-04-24 01:34:09,16.9,87.3,0.7
2026-04-24 01:34:11,18.0,87.3,0.7
2026-04-24 01:34:13,19.7,87.2,0.7
2026-04-24 01:34:15,20.0,87.2,0.7
2026-04-24 01:34:17,18.3,87.2,0.7
2026-04-24 01:34:19,18.5,87.4,0.7
2026-04-24 01:34:21,15.8,87.4,0.7
2026-04-24 01:34:23,24.4,87.5,0.7
2026-04-24 01:34:25,24.4,87.5,0.7
2026-04-24 01:34:27,16.0,87.4,0.7
2026-04-24 01:34:29,18.5,87.5,0.7
2026-04-24 01:34:31,35.7,87.4,0.7
2026-04-24 01:34:33,26.5,87.4,0.7
2026-04-24 01:34:35,26.5,87.4,0.7
2026-04-24 01:34:37,32.9,87.3,0.7
2026-04-24 01:34:39,18.1,87.2,0.7
2026-04-24 01:34:41,15.0,87.3,0.7
2026-04-24 01:34:43,16.0,87.3,0.7
2026-04-24 01:34:45,23.9,87.3,0.7
2026-04-24 01:34:47,24.5,87.4,0.7
2026-04-24 01:34:49,41.0,87.6,0.7
2026-04-24 01:34:51,38.8,87.4,0.7
2026-04-24 01:34:53,13.3,87.2,0.7
2026-04-24 01:34:55,2.2,87.0,0.7
2026-04-24 01:34:57,2.2,87.1,0.7
2026-04-24 01:34:59,13.2,87.1,0.7
2026-04-24 01:35:01,20.8,87.2,0.7
2026-04-24 01:35:03,18.9,87.2,0.7
2026-04-24 01:35:05,19.1,87.3,0.7
2026-04-24 01:35:07,3.3,87.3,0.7
2026-04-24 01:35:09,1.6,87.3,0.7
2026-04-24 01:35:11,3.6,87.3,0.7
2026-04-24 01:35:13,30.3,87.2,0.7
2026-04-24 01:35:15,5.8,87.1,0.7
2026-04-24 01:35:17,13.6,87.4,0.7
2026-04-24 01:35:19,14.0,87.6,0.7
2026-04-24 01:35:21,6.0,87.6,0.7
2026-04-24 01:35:23,4.8,87.6,0.7
2026-04-24 01:35:25,6.5,87.6,0.7
2026-04-24 01:35:27,5.6,87.6,0.7
2026-04-24 01:35:29,3.7,87.6,0.7
2026-04-24 01:35:31,4.4,87.6,0.7
2026-04-24 01:35:33,5.8,87.5,0.7
2026-04-24 01:35:35,6.0,87.5,0.7
2026-04-24 01:35:37,17.2,87.6,0.7
2026-04-24 01:35:39,5.8,87.6,0.7
2026-04-24 01:35:41,3.9,87.6,0.7
2026-04-24 01:35:43,2.1,87.5,0.7
2026-04-24 01:35:45,2.0,87.5,0.7
2026-04-24 01:35:47,2.1,87.5,0.7
2026-04-24 01:35:50,10.8,87.5,0.7
2026-04-24 01:35:52,2.1,87.6,0.7
2026-04-24 01:35:54,23.4,87.4,0.7
2026-04-24 01:35:56,18.8,87.3,0.7
2026-04-24 01:35:58,9.8,87.3,0.7
2026-04-24 01:36:00,5.0,87.3,0.7
2026-04-24 01:36:02,1.7,87.3,0.7
2026-04-24 01:36:04,3.8,87.4,0.7
2026-04-24 01:36:06,3.7,87.3,0.7
2026-04-24 01:36:08,4.2,87.3,0.7
2026-04-24 01:36:10,10.4,87.2,0.7
2026-04-24 01:36:12,6.7,87.2,0.7
2026-04-24 01:36:14,9.7,87.4,0.7
2026-04-24 01:36:16,4.3,87.2,0.7
2026-04-24 01:36:18,17.8,86.6,0.7
2026-04-24 01:36:20,10.1,86.4,0.7
2026-04-24 01:36:22,5.1,86.4,0.7
2026-04-24 01:36:24,7.1,86.4,0.7
2026-04-24 01:36:26,6.4,86.4,0.7
2026-04-24 01:36:28,3.3,86.4,0.7
2026-04-24 01:36:30,2.7,86.4,0.7
2026-04-24 01:36:32,4.8,86.4,0.7
2026-04-24 01:36:34,4.5,86.3,0.7
2026-04-24 01:36:36,50.5,86.8,0.7
2026-04-24 01:36:38,51.4,87.3,0.7
2026-04-24 01:36:40,43.6,87.9,0.7
2026-04-24 01:36:42,46.7,87.8,0.7
2026-04-24 01:36:44,6.2,87.7,0.7
2026-04-24 01:36:46,19.7,87.5,0.7
2026-04-24 01:36:48,19.3,87.7,0.7
2026-04-24 01:36:50,22.4,87.7,0.7
2026-04-24 01:36:52,24.1,87.6,0.7
2026-04-24 01:36:54,20.8,87.7,0.7
2026-04-24 01:36:56,3.7,87.6,0.7
2026-04-24 01:36:58,12.3,87.6,0.7
2026-04-24 01:37:00,14.2,87.5,0.7
2026-04-24 01:37:02,3.1,87.4,0.7
2026-04-24 01:37:04,6.0,87.3,0.7
2026-04-24 01:37:06,3.5,87.3,0.7
2026-04-24 01:37:08,2.7,87.3,0.7
2026-04-24 01:37:10,2.3,87.3,0.7
2026-04-24 01:37:12,1.9,87.3,0.7
2026-04-24 01:37:14,2.1,87.2,0.7
2026-04-24 01:37:16,3.3,87.2,0.7
2026-04-24 01:37:18,1.0,87.2,0.7
2026-04-24 01:37:20,3.3,87.2,0.7
2026-04-24 01:37:22,3.3,87.3,0.7
2026-04-24 01:37:24,10.5,87.4,0.7
2026-04-24 01:37:26,17.0,85.3,0.7
2026-04-24 01:37:28,3.8,85.0,0.7
2026-04-24 01:37:30,1.6,85.1,0.7
2026-04-24 01:37:32,1.9,85.1,0.7
2026-04-24 01:37:34,0.0,85.1,0.7
2026-04-24 01:37:36,24.0,85.5,0.7
2026-04-24 01:37:38,16.1,85.6,0.7
2026-04-24 01:37:40,5.4,86.5,0.7
2026-04-24 01:37:42,27.3,87.4,0.7
2026-04-24 01:37:44,44.5,88.5,0.7
2026-04-24 01:37:46,54.4,89.4,0.7
2026-04-24 01:37:48,41.9,89.1,0.7
2026-04-24 01:37:50,44.2,87.1,0.7
2026-04-24 01:37:52,15.0,86.8,0.7
2026-04-24 01:37:54,17.3,86.8,0.7
2026-04-24 01:37:56,5.2,86.7,0.7
2026-04-24 01:37:58,47.5,86.5,0.7
2026-04-24 01:38:00,18.6,86.6,0.7
2026-04-24 01:38:02,25.0,86.4,0.7
2026-04-24 01:38:04,18.3,86.3,0.7
2026-04-24 01:38:06,17.9,86.2,0.7
2026-04-24 01:38:08,18.8,86.2,0.7
2026-04-24 01:38:10,18.5,87.1,0.7
2026-04-24 01:38:12,24.6,86.7,0.7
2026-04-24 01:38:14,69.1,86.1,0.7
2026-04-24 01:38:16,59.4,86.9,0.7
2026-04-24 01:38:18,30.5,85.8,0.7
2026-04-24 01:38:20,31.9,85.5,0.7
2026-04-24 01:38:22,46.0,85.5,0.7
2026-04-24 01:38:24,81.9,87.7,0.7
2026-04-24 01:38:26,66.3,86.4,0.7
2026-04-24 01:38:28,23.7,86.4,0.7
2026-04-24 01:38:30,77.1,86.6,0.7
2026-04-24 01:38:32,61.5,87.3,0.7
2026-04-24 01:38:34,56.6,87.3,0.7
2026-04-24 01:38:36,80.0,86.9,0.7
2026-04-24 01:38:38,23.2,86.3,0.7
2026-04-24 01:38:40,18.8,86.0,0.7
2026-04-24 01:38:42,29.9,83.6,0.7
2026-04-24 01:38:44,51.6,83.6,0.7
2026-04-24 01:38:46,37.7,83.1,0.7
2026-04-24 01:38:48,17.8,83.0,0.7
2026-04-24 01:38:50,31.5,83.1,0.7
2026-04-24 01:38:52,24.8,83.2,0.7
2026-04-24 01:38:54,52.7,83.1,0.7
2026-04-24 01:38:56,27.7,83.3,0.7
2026-04-24 01:38:58,51.1,83.9,0.7
2026-04-24 01:39:00,33.0,83.5,0.7
2026-04-24 01:39:02,47.3,84.4,0.7
2026-04-24 01:39:04,19.9,84.4,0.7
2026-04-24 01:39:06,23.0,84.1,0.7
2026-04-24 01:39:08,16.7,84.2,0.7
2026-04-24 01:39:10,19.6,84.3,0.7
2026-04-24 01:39:12,17.6,84.5,0.7
2026-04-24 01:39:14,20.6,84.5,0.7
2026-04-24 01:39:16,22.6,84.5,0.7
2026-04-24 01:39:18,37.6,84.1,0.7
2026-04-24 01:39:20,25.3,85.2,0.7
2026-04-24 01:39:22,28.6,85.4,0.7
2026-04-24 01:39:24,26.4,85.6,0.7
2026-04-24 01:39:26,22.2,85.8,0.7
2026-04-24 01:39:28,19.3,85.7,0.7
2026-04-24 01:39:30,25.4,86.1,0.7
2026-04-24 01:39:32,24.8,87.5,0.7
2026-04-24 01:39:34,17.0,88.0,0.7
2026-04-24 01:39:37,19.1,87.3,0.7
2026-04-24 01:39:39,24.1,87.9,0.7
2026-04-24 01:39:41,15.7,88.0,0.7
2026-04-24 01:39:43,44.4,87.5,0.7
2026-04-24 01:39:45,29.8,87.7,0.7
2026-04-24 01:39:47,26.5,87.7,0.7
2026-04-24 01:39:49,14.5,87.6,0.7
2026-04-24 01:39:51,35.3,87.5,0.7
2026-04-24 01:39:53,50.5,87.9,0.7
2026-04-24 01:39:55,36.3,87.9,0.7
2026-04-24 01:39:57,30.8,87.6,0.7
2026-04-24 01:39:59,58.0,88.1,0.7
2026-04-24 01:40:01,42.8,88.1,0.7
2026-04-24 01:40:03,34.9,87.6,0.7
2026-04-24 01:40:05,19.8,85.3,0.7
2026-04-24 01:40:07,19.1,85.5,0.7
2026-04-24 01:40:09,16.0,85.3,0.7
2026-04-24 01:40:11,21.6,85.1,0.7
2026-04-24 01:40:13,3.3,84.7,0.7
2026-04-24 01:40:15,2.7,84.7,0.7
2026-04-24 01:40:17,11.8,84.9,0.7
2026-04-24 01:40:19,16.8,85.3,0.7
2026-04-24 01:40:21,34.7,85.2,0.7
2026-04-24 01:40:23,11.4,85.3,0.7
2026-04-24 01:40:25,8.9,85.2,0.7
2026-04-24 01:40:27,4.1,85.1,0.7
2026-04-24 01:40:29,6.0,85.2,0.7
2026-04-24 01:40:31,4.7,85.1,0.7
2026-04-24 01:40:33,2.7,85.1,0.7
2026-04-24 01:40:35,3.7,85.0,0.7
2026-04-24 01:40:37,3.7,85.0,0.7
2026-04-24 01:40:39,10.2,85.0,0.7
2026-04-24 01:40:41,6.0,85.1,0.7
2026-04-24 01:40:43,4.9,85.0,0.7
2026-04-24 01:40:45,18.5,85.6,0.7
2026-04-24 01:40:47,10.0,85.6,0.7
2026-04-24 01:40:49,13.2,85.7,0.7
2026-04-24 01:40:51,27.5,85.9,0.7
2026-04-24 01:40:53,21.1,85.8,0.7
2026-04-24 01:40:55,9.4,85.7,0.7
2026-04-24 01:40:57,14.4,85.6,0.7
2026-04-24 01:40:59,10.7,85.7,0.7
2026-04-24 01:41:01,26.1,85.6,0.7
2026-04-24 01:41:03,17.2,85.8,0.7
2026-04-24 01:41:05,20.8,85.9,0.7
2026-04-24 01:41:07,23.1,86.0,0.7
2026-04-24 01:41:09,27.9,86.3,0.7
2026-04-24 01:41:11,23.0,86.4,0.7
2026-04-24 01:41:13,30.1,86.6,0.7
2026-04-24 01:41:15,23.0,86.7,0.7
2026-04-24 01:41:17,26.2,86.8,0.7
2026-04-24 01:41:19,39.3,86.8,0.7
2026-04-24 01:41:21,10.8,86.6,0.7
2026-04-24 01:41:23,9.9,86.7,0.7
2026-04-24 01:41:25,14.1,86.7,0.7
2026-04-24 01:41:27,21.8,85.7,0.7
2026-04-24 01:41:29,4.2,85.7,0.7
2026-04-24 01:41:31,52.6,86.1,0.7
2026-04-24 01:41:33,24.5,86.1,0.7
2026-04-24 01:41:35,22.8,85.8,0.7
2026-04-24 01:41:37,21.1,85.9,0.7
2026-04-24 01:41:39,35.5,86.5,0.7
2026-04-24 01:41:41,65.5,86.1,0.7
2026-04-24 01:41:43,51.6,86.3,0.7
2026-04-24 01:41:45,32.7,86.0,0.7
2026-04-24 01:41:47,32.6,86.0,0.7
2026-04-24 01:41:49,34.4,85.7,0.7
2026-04-24 01:41:51,33.3,85.6,0.7
2026-04-24 01:41:53,36.3,85.6,0.7
2026-04-24 01:41:55,38.0,85.4,0.7
2026-04-24 01:41:57,43.5,85.4,0.7
2026-04-24 01:41:59,35.8,85.3,0.7
2026-04-24 01:42:01,27.7,85.0,0.7
2026-04-24 01:42:03,19.1,85.0,0.7
2026-04-24 01:42:05,24.6,85.0,0.7
2026-04-24 01:42:07,17.9,84.9,0.7
2026-04-24 01:42:09,16.5,85.0,0.7
2026-04-24 01:42:11,28.4,84.7,0.7
2026-04-24 01:42:13,1.8,84.2,0.7
2026-04-24 01:42:15,6.4,84.4,0.7
2026-04-24 01:42:17,7.1,84.3,0.7
2026-04-24 01:42:19,3.5,84.1,0.7
2026-04-24 01:42:21,1.0,84.0,0.7
2026-04-24 01:42:23,3.3,84.1,0.7
2026-04-24 01:42:25,1.4,84.0,0.7
2026-04-24 01:42:27,1.2,84.0,0.7
2026-04-24 01:42:29,3.0,83.9,0.7
2026-04-24 01:42:31,2.1,83.9,0.7
2026-04-24 01:42:33,1.2,83.9,0.7
2026-04-24 01:42:35,1.8,83.9,0.7
2026-04-24 01:42:37,0.8,83.8,0.7
2026-04-24 01:42:39,1.0,83.8,0.7
2026-04-24 01:42:41,1.2,83.8,0.7
2026-04-24 01:42:43,2.0,83.7,0.7
2026-04-24 01:42:45,0.8,83.8,0.7
2026-04-24 01:42:47,3.8,83.8,0.7
2026-04-24 01:42:49,2.7,83.8,0.7
2026-04-24 01:42:51,1.6,83.8,0.7
2026-04-24 01:42:53,0.6,83.8,0.7
2026-04-24 01:42:55,1.2,83.7,0.7
2026-04-24 01:42:57,1.4,83.7,0.7
2026-04-24 01:42:59,1.2,83.7,0.7
2026-04-24 01:43:01,3.1,83.8,0.7
2026-04-24 01:43:03,1.8,83.7,0.7
2026-04-24 01:43:05,2.5,83.7,0.7
2026-04-24 01:43:07,1.7,83.8,0.7
2026-04-24 01:43:09,1.0,83.8,0.7
2026-04-24 01:43:11,2.7,83.8,0.7
2026-04-24 01:43:13,0.4,83.8,0.7
2026-04-24 01:43:15,3.5,83.9,0.7
2026-04-24 01:43:17,22.3,83.1,0.7
2026-04-24 01:43:19,0.4,83.0,0.7
2026-04-24 01:43:21,4.7,83.1,0.7
2026-04-24 01:43:23,25.0,82.8,0.7
2026-04-24 01:43:25,23.4,83.6,0.7
2026-04-24 01:43:27,48.7,85.6,0.7
2026-04-24 01:43:29,27.4,85.7,0.7
2026-04-24 01:43:32,58.4,86.7,0.7
2026-04-24 01:43:34,50.2,86.7,0.7
2026-04-24 01:43:36,38.0,86.9,0.7
2026-04-24 01:43:38,12.9,86.2,0.7
2026-04-24 01:43:40,38.7,86.2,0.7
2026-04-24 01:43:42,36.3,86.2,0.7
2026-04-24 01:43:44,6.9,86.1,0.7
2026-04-24 01:43:46,14.6,86.2,0.7
2026-04-24 01:43:48,8.2,86.1,0.7
2026-04-24 01:43:50,5.4,86.1,0.7
2026-04-24 01:43:52,18.4,86.1,0.7
2026-04-24 01:43:54,10.5,86.2,0.7
2026-04-24 01:43:56,10.1,86.2,0.7
2026-04-24 01:43:58,41.9,85.0,0.7
2026-04-24 01:44:00,37.7,84.5,0.7
2026-04-24 01:44:02,23.7,84.5,0.7
2026-04-24 01:44:04,31.6,83.9,0.7
2026-04-24 01:44:06,22.3,83.9,0.7
2026-04-24 01:44:08,4.2,83.7,0.7
2026-04-24 01:44:10,1.8,83.6,0.7
2026-04-24 01:44:12,3.3,83.4,0.7
2026-04-24 01:44:14,4.9,83.2,0.7
2026-04-24 01:44:16,40.4,83.7,0.7
2026-04-24 01:44:18,50.3,83.8,0.7
2026-04-24 01:44:20,20.7,84.1,0.7
2026-04-24 01:44:22,34.0,84.0,0.6
2026-04-24 01:44:24,97.7,84.4,0.6
2026-04-24 01:44:27,81.6,84.5,0.6
2026-04-24 01:44:29,82.1,84.2,0.6
2026-04-24 01:44:31,19.9,84.0,0.6
2026-04-24 01:44:33,28.9,84.1,0.6
2026-04-24 01:44:35,38.9,84.1,0.6
2026-04-24 01:44:37,41.7,84.3,0.6
2026-04-24 01:44:39,25.5,84.4,0.6
2026-04-24 01:44:41,45.1,84.9,0.6
2026-04-24 01:44:44,28.2,85.2,0.6
2026-04-24 01:44:46,27.7,85.1,0.6
2026-04-24 01:44:48,6.9,85.2,0.6
2026-04-24 01:44:50,13.7,84.9,0.6
2026-04-24 01:44:52,7.4,84.8,0.6
2026-04-24 01:44:54,16.3,84.3,0.6
2026-04-24 01:44:56,13.3,84.1,0.6
2026-04-24 01:44:58,48.8,84.3,0.6
2026-04-24 01:45:00,14.7,83.7,0.6
2026-04-24 01:45:02,21.3,83.6,0.6
2026-04-24 01:45:04,10.9,83.6,0.6
2026-04-24 01:45:06,20.0,83.6,0.6
2026-04-24 01:45:08,29.3,83.7,0.6
2026-04-24 01:45:10,13.8,83.6,0.6
2026-04-24 01:45:12,6.2,83.5,0.6
2026-04-24 18:28:48.355827,100.0,89.7,0.7
2026-04-24 18:28:53.359774,45.2,89.6,0.7
2026-04-24 18:28:58.364920,56.1,91.1,0.7
2026-04-24 18:29:03.367843,47.4,92.6,0.7
2026-04-24 18:29:08.371336,16.1,91.9,0.7
2026-04-24 18:29:13.378175,58.5,93.8,0.7
2026-04-24 18:29:18.383109,43.6,94.6,0.7
2026-04-24 18:29:23.386570,35.7,93.6,0.7
2026-04-24 18:29:28.409446,32.7,93.5,0.7
2026-04-24 18:29:33.413714,30.0,93.5,0.7
2026-04-24 18:29:38.417022,24.0,93.0,0.7
2026-04-24 18:29:43.419815,5.0,92.1,0.7
2026-04-24 18:29:48.422525,3.1,92.0,0.7
2026-04-24 18:29:53.424698,3.1,91.7,0.7
2026-04-24 18:29:58.426950,5.0,91.6,0.7
2026-04-24 18:30:03.429326,19.6,91.8,0.7
2026-04-24 18:30:08.443313,11.4,92.1,0.7
2026-04-24 18:30:13.445742,5.5,91.8,0.7
2026-04-24 18:30:18.448541,12.1,91.7,0.7
2026-04-24 18:30:23.450859,4.9,91.9,0.7
2026-04-24 18:30:28.453260,4.6,91.8,0.7
2026-04-24 18:30:33.455583,2.5,91.7,0.7
2026-04-24 18:30:38.457896,3.4,91.5,0.7
2026-04-24 18:30:43.460122,3.6,90.6,0.7
2026-04-24 18:30:48.462319,2.4,90.4,0.7
2026-04-24 18:30:53.467204,6.7,90.3,0.7
2026-04-24 18:30:58.471373,3.7,90.3,0.7
2026-04-24 18:31:03.473812,8.3,89.3,0.7
2026-04-24 18:31:08.475982,2.3,89.4,0.7
2026-04-24 18:31:13.478294,1.6,89.4,0.7
2026-04-24 18:31:18.480466,2.5,89.1,0.7
2026-04-24 18:31:23.482772,2.2,89.0,0.7
2026-04-24 18:31:28.485344,2.3,88.9,0.7
2026-04-24 18:31:33.488101,2.5,88.9,0.7
2026-04-24 18:31:38.490428,2.4,88.8,0.7
2026-04-24 18:31:43.492781,2.3,88.8,0.7
2026-04-24 18:31:48.495209,3.1,88.5,0.7
2026-04-24 18:31:53.498234,6.4,86.5,0.7
2026-04-24 18:31:58.500980,3.1,86.4,0.7
2026-04-24 18:32:03.503646,3.3,86.5,0.7
2026-04-24 18:32:08.505838,1.8,86.5,0.7
2026-04-24 18:32:13.508276,1.2,86.5,0.7
2026-04-24 18:32:18.510931,6.5,86.5,0.7
2026-04-24 18:32:23.513150,2.1,86.4,0.7
2026-04-24 18:32:28.515500,1.5,86.4,0.7
2026-04-24 18:32:33.517720,12.3,87.0,0.7
2026-04-24 18:32:38.519941,16.4,87.9,0.7
2026-04-24 18:32:43.522281,5.2,87.9,0.7
2026-04-24 18:32:48.525201,6.7,87.9,0.7
2026-04-24 18:32:53.527773,4.6,87.8,0.7
2026-04-24 18:32:58.530544,2.5,87.7,0.7
2026-04-24 18:33:03.532790,2.4,87.7,0.7
2026-04-24 18:33:08.535115,2.1,87.7,0.7
2026-04-24 18:33:13.538047,17.4,87.9,0.7
2026-04-24 18:33:18.541095,11.3,88.0,0.7
2026-04-24 18:33:23.543666,6.0,87.9,0.7
2026-04-24 18:33:28.546635,1.9,87.8,0.7
2026-04-24 18:33:33.548823,1.5,87.8,0.7
2026-04-24 18:33:38.551464,2.3,87.8,0.7
2026-04-24 18:33:43.554331,1.6,87.8,0.7
2026-04-24 18:33:48.556727,1.5,87.5,0.7
2026-04-24 18:33:53.559202,3.1,87.6,0.7
2026-04-24 18:33:58.561469,2.4,87.5,0.7
2026-04-24 18:34:03.563804,1.8,87.6,0.7
2026-04-24 18:34:08.566098,2.1,87.6,0.7
2026-04-24 18:34:13.568612,10.5,83.2,0.7
2026-04-24 18:34:18.571231,2.1,82.6,0.7
2026-04-24 18:34:23.573570,1.8,82.6,0.7
2026-04-24 18:34:28.575812,1.7,82.5,0.7
2026-04-24 18:34:33.578095,1.5,82.5,0.7
2026-04-24 18:34:38.580464,1.5,82.8,0.7
2026-04-24 18:34:43.582602,2.0,82.6,0.7
2026-04-24 18:34:48.585001,4.6,82.6,0.7
2026-04-24 18:34:53.587469,3.0,82.5,0.7
2026-04-24 18:34:58.589822,2.5,82.2,0.7
2026-04-24 18:35:03.592088,1.4,82.3,0.7
2026-04-24 18:35:08.594394,0.8,82.1,0.7
2026-04-24 18:35:13.596709,1.0,82.1,0.7
2026-04-24 18:35:18.599138,4.0,82.4,0.7
2026-04-24 18:35:23.601925,5.6,82.9,0.7
2026-04-24 18:35:28.604746,2.8,82.8,0.7
2026-04-24 18:35:33.607100,1.4,82.9,0.7
2026-04-24 18:35:38.609256,2.0,82.9,0.7
2026-04-24 18:35:43.611485,2.0,82.9,0.7
2026-04-24 18:35:48.613535,2.0,82.9,0.7
2026-04-24 18:35:53.615866,3.1,82.8,0.7
2026-04-24 18:35:58.618148,1.0,82.7,0.7
2026-04-24 18:36:03.620403,1.5,82.8,0.7
2026-04-24 18:36:08.622653,1.6,82.8,0.7
2026-04-24 18:36:13.625000,1.8,82.8,0.7
2026-04-24 18:36:18.627289,1.2,82.9,0.7
2026-04-24 18:36:23.629588,2.6,82.9,0.7
2026-04-24 18:36:28.631949,1.6,82.6,0.7
2026-04-24 18:36:33.634356,1.9,82.5,0.7
2026-04-24 18:36:38.636942,2.1,82.6,0.7
2026-04-24 18:36:43.639316,2.3,82.5,0.7
2026-04-24 18:36:48.642167,1.6,82.5,0.7
2026-04-24 18:36:53.644939,10.9,80.2,0.7
2026-04-24 18:36:58.647708,11.0,78.2,0.7
2026-04-24 18:37:03.649961,1.9,78.2,0.7
2026-04-24 18:37:08.652120,1.5,78.2,0.7
2026-04-24 18:37:13.654349,1.5,78.2,0.7
2026-04-24 18:37:18.657249,1.6,78.2,0.7
2026-04-24 18:37:23.659489,1.4,78.1,0.7
2026-04-24 18:37:28.661825,1.4,78.1,0.7
2026-04-24 18:37:33.664796,3.1,78.1,0.7
2026-04-24 18:37:38.666815,1.9,78.1,0.7
2026-04-24 18:37:43.669107,2.2,78.1,0.7
2026-04-24 18:37:48.672003,2.6,78.1,0.7
2026-04-24 18:37:53.674108,9.1,78.6,0.7
2026-04-24 18:37:58.676427,10.2,78.8,0.7
2026-04-24 18:38:03.678736,3.0,78.9,0.7
2026-04-24 18:38:08.681101,3.7,78.9,0.7
2026-04-24 18:38:13.683382,2.0,78.7,0.7
2026-04-24 18:38:18.685555,1.5,78.8,0.7
2026-04-24 18:38:23.688210,2.6,78.8,0.7
2026-04-24 18:38:28.690708,1.4,78.7,0.7
2026-04-24 18:38:33.693305,1.4,78.7,0.7
2026-04-24 18:38:38.695852,2.7,78.8,0.7
2026-04-24 18:38:43.698077,1.7,78.8,0.7
2026-04-24 18:38:48.700275,2.2,78.6,0.7
2026-04-24 18:38:53.702555,3.2,78.6,0.7
2026-04-24 18:38:58.704734,1.3,78.6,0.7
2026-04-24 18:39:03.707156,1.6,78.6,0.7
2026-04-24 18:39:08.709608,2.1,78.6,0.7
2026-04-24 18:39:13.711876,1.9,78.3,0.7
2026-04-24 18:39:18.714067,1.6,78.3,0.7
2026-04-24 18:39:23.716331,1.3,78.2,0.7
2026-04-24 18:39:28.718583,1.1,78.2,0.7
2026-04-24 18:39:33.721037,2.3,78.1,0.7
2026-04-24 18:39:38.723220,1.2,78.1,0.7
2026-04-24 18:39:43.725496,1.2,78.0,0.7
2026-04-24 18:39:48.728260,0.9,78.0,0.7
2026-04-24 18:39:53.730520,2.2,78.0,0.7
2026-04-24 18:39:58.732853,2.4,78.0,0.7
2026-04-24 18:40:03.735377,1.7,78.0,0.7
2026-04-24 18:40:08.737722,1.6,78.0,0.7
2026-04-24 18:40:13.740255,1.5,78.0,0.7
2026-04-24 18:40:18.742977,9.0,77.9,0.7
2026-04-24 18:40:23.745399,4.6,78.4,0.7
2026-04-24 18:40:28.747708,2.8,78.3,0.7
2026-04-24 18:40:33.749921,1.8,78.3,0.7
2026-04-24 18:40:48.086738,34.0,81.6,0.7
2026-04-24 18:40:53.087728,17.2,81.8,0.7
2026-04-24 18:40:58.089421,1.8,81.1,0.7
2026-04-24 18:41:03.091039,1.1,81.1,0.7
2026-04-24 18:41:08.092867,1.1,80.8,0.7
2026-04-24 18:41:13.094270,1.6,80.8,0.7
2026-04-24 18:41:18.095939,1.2,80.8,0.7
2026-04-24 18:41:23.097690,1.0,80.7,0.7
2026-04-24 18:41:28.099297,1.5,80.4,0.7
2026-04-24 18:41:33.100580,0.4,80.4,0.7
2026-04-24 18:41:38.102140,0.6,80.4,0.7
2026-04-24 18:41:43.103770,0.8,80.4,0.7
2026-04-24 18:41:48.105528,3.9,80.5,0.7
2026-04-24 18:41:53.107645,1.2,80.0,0.7
2026-04-24 18:41:58.109236,3.0,80.1,0.7
2026-04-24 18:42:03.110894,1.0,80.1,0.7
2026-04-24 18:42:08.112573,0.4,80.1,0.7
2026-04-24 18:42:13.114062,0.8,80.0,0.7
2026-04-24 18:42:18.116612,0.7,80.2,0.7
2026-04-24 18:42:23.119305,1.0,80.2,0.7
2026-04-24 18:42:28.121804,2.4,80.2,0.7
2026-04-24 18:42:33.124084,1.7,80.1,0.7
2026-04-24 18:42:38.126456,1.4,80.2,0.7
2026-04-24 18:42:43.128697,3.2,80.1,0.7
2026-04-24 18:42:48.131017,2.1,79.9,0.7
2026-04-24 18:42:53.133356,2.0,79.9,0.7
2026-04-24 18:42:58.135563,1.4,79.8,0.7
2026-04-24 18:43:03.137780,1.5,79.7,0.7
2026-04-24 18:43:08.139979,1.2,79.7,0.7
2026-04-24 18:43:13.142330,1.3,79.7,0.7
2026-04-24 18:43:18.144866,1.6,79.7,0.7
2026-04-24 18:43:23.147325,1.0,79.8,0.7
2026-04-24 18:43:28.149675,2.3,79.7,0.7
2026-04-24 18:43:33.151996,0.9,79.8,0.7
2026-04-24 18:43:38.154647,1.8,79.7,0.7
2026-04-24 18:43:43.156870,1.7,79.6,0.7
2026-04-24 18:43:48.159238,1.7,79.7,0.7
2026-04-24 18:43:53.161424,1.3,79.7,0.7
2026-04-24 18:43:58.163796,1.9,79.7,0.7
2026-04-24 18:44:03.166090,1.5,79.7,0.7
2026-04-24 18:44:08.168358,1.9,79.6,0.7
2026-04-24 18:44:13.170773,1.5,79.6,0.7
2026-04-24 18:44:18.173053,1.1,79.7,0.7
2026-04-24 18:44:23.175320,1.1,79.7,0.7
2026-04-24 18:44:28.177665,3.1,79.7,0.7
2026-04-24 18:44:33.180641,0.7,79.7,0.7
2026-04-24 18:44:38.182885,1.4,79.7,0.7
2026-04-24 18:44:43.185314,1.4,79.7,0.7
2026-04-24 18:44:48.187710,1.8,79.6,0.7
2026-04-24 18:44:53.190089,1.0,79.7,0.7
2026-04-24 18:44:58.192588,0.9,79.6,0.7
2026-04-24 18:45:03.194821,1.4,79.7,0.7
2026-04-24 18:45:08.197514,1.0,79.6,0.7
2026-04-24 18:45:13.199641,1.8,79.7,0.7
2026-04-24 18:45:18.202192,4.5,79.8,0.7
2026-04-24 18:45:23.204503,5.1,80.2,0.7
2026-04-24 18:45:28.206811,3.5,80.2,0.7
2026-04-24 18:45:33.209169,1.2,80.2,0.7
2026-04-24 18:45:38.211471,1.8,80.2,0.7
2026-04-24 18:45:43.213902,1.5,80.2,0.7
2026-04-24 18:45:48.216182,1.4,80.1,0.7
2026-04-24 18:45:53.218448,2.2,80.3,0.7
2026-04-24 18:45:58.220655,1.4,80.2,0.7
2026-04-24 18:46:03.223508,1.3,80.2,0.7
2026-04-24 18:46:08.225674,1.6,80.2,0.7
2026-04-24 18:46:13.228069,1.7,80.1,0.7
2026-04-24 18:46:18.230289,2.1,80.0,0.7
2026-04-24 18:46:23.232416,1.5,80.1,0.7
2026-04-24 18:46:28.234778,3.4,79.9,0.7
2026-04-24 18:46:33.237187,1.4,79.9,0.7
2026-04-24 18:46:38.239441,0.9,79.8,0.7
2026-04-24 18:46:43.242178,0.9,79.7,0.7
2026-04-24 18:46:48.244365,0.9,79.8,0.7
2026-04-24 18:46:53.246689,1.9,79.8,0.7
2026-04-24 18:46:58.249235,2.5,79.6,0.7
2026-04-24 18:47:03.251480,2.2,79.6,0.7
2026-04-24 18:47:08.254065,1.4,79.4,0.7
2026-04-24 18:47:13.256566,1.2,79.5,0.7
2026-04-24 18:47:18.258817,1.3,79.4,0.7
2026-04-24 18:47:23.260945,1.1,79.5,0.7
2026-04-24 18:47:28.262329,8.4,79.8,0.7
2026-04-24 18:47:33.265430,27.2,80.8,0.7
2026-04-24 18:47:38.327956,33.1,80.7,0.7
2026-04-24 18:47:43.335450,79.7,83.0,0.7
2026-04-24 18:47:48.337752,48.4,85.8,0.7
2026-04-24 18:47:53.340649,9.4,85.5,0.7
2026-04-24 18:47:58.342800,4.4,85.1,0.7
2026-04-24 18:48:03.347128,4.9,84.6,0.7
2026-04-24 18:48:08.349492,1.8,84.6,0.7
2026-04-24 18:48:13.351895,2.5,84.6,0.7
2026-04-24 18:48:18.354547,1.9,84.6,0.7
2026-04-24 18:48:23.357071,4.8,83.7,0.7
2026-04-24 18:48:28.359670,12.0,84.0,0.7
2026-04-24 18:48:33.362955,20.6,85.4,0.7
2026-04-24 18:48:38.368488,41.8,87.5,0.7
2026-04-24 18:48:43.371765,32.8,88.4,0.7
2026-04-24 18:48:48.373977,29.7,88.5,0.7
2026-04-24 18:48:53.376544,17.2,88.4,0.7
2026-04-24 18:48:58.379579,29.4,88.5,0.7
2026-04-24 18:49:03.381767,22.3,87.7,0.7
2026-04-24 18:49:08.383976,7.8,88.0,0.7
2026-04-24 18:49:13.387502,9.9,87.2,0.7
2026-04-24 18:49:18.390193,10.9,86.9,0.7
2026-04-24 18:49:23.392455,5.6,86.5,0.7
2026-04-24 18:49:28.394794,5.3,85.5,0.7
2026-04-24 18:49:33.397531,18.9,86.5,0.7
2026-04-24 18:49:38.400551,38.1,86.8,0.7
2026-04-24 18:49:43.403254,7.8,86.4,0.7
2026-04-24 18:49:48.405789,13.8,86.4,0.7
2026-04-24 18:49:53.408486,32.3,87.1,0.7
2026-04-24 18:49:58.413619,28.5,88.0,0.7
2026-04-24 18:50:03.421274,15.1,88.0,0.7
2026-04-24 18:50:08.423688,9.5,87.8,0.7
2026-04-24 18:50:13.450326,9.2,87.7,0.7
2026-04-24 18:50:18.453554,33.3,88.2,0.7
2026-04-24 18:50:23.467231,42.1,88.0,0.7
2026-04-24 18:50:28.472838,18.2,88.4,0.7
2026-04-24 18:50:33.475982,9.4,88.3,0.7
2026-04-24 18:50:38.478603,12.2,88.0,0.7
2026-04-24 18:50:43.481082,17.0,88.1,0.7
2026-04-24 18:50:48.483834,20.9,88.3,0.7
2026-04-24 18:50:53.487533,13.7,88.4,0.7
2026-04-24 18:50:58.490294,15.8,88.5,0.7
2026-04-24 18:51:03.492686,8.0,88.2,0.7
2026-04-24 18:51:08.495027,28.1,88.8,0.7
2026-04-24 18:51:13.499199,10.0,86.2,0.7
2026-04-24 18:51:18.501296,11.3,86.0,0.7
2026-04-24 18:51:23.503999,18.3,87.0,0.7
2026-04-24 18:51:28.507042,19.5,86.7,0.7
2026-04-24 18:51:33.510697,13.2,84.4,0.7
2026-04-24 18:51:38.512974,6.5,84.2,0.7
2026-04-24 18:51:43.516237,18.2,84.9,0.7
2026-04-24 18:51:48.522316,32.6,86.5,0.7
2026-04-24 18:51:53.526537,17.2,86.3,0.7
2026-04-24 18:51:58.528740,12.3,86.3,0.7
2026-04-24 18:52:03.531639,25.6,85.7,0.7
2026-04-24 18:52:08.534414,18.0,85.4,0.7
2026-04-24 18:52:13.540989,46.5,85.8,0.7
2026-04-24 18:52:18.546625,54.3,86.4,0.7
2026-04-24 18:52:23.552236,11.7,86.8,0.7
2026-04-24 18:52:28.554611,19.1,86.7,0.7
2026-04-24 18:52:33.557923,25.0,86.3,0.7
2026-04-24 18:52:38.565388,18.9,85.2,0.7
2026-04-24 18:52:43.568246,28.0,85.1,0.7
2026-04-24 18:52:48.571916,23.5,85.2,0.7
2026-04-24 18:52:53.575038,28.2,86.0,0.7
2026-04-24 18:52:58.579718,36.9,86.2,0.7
2026-04-24 18:53:03.583632,18.0,86.7,0.7
2026-04-24 18:53:08.587239,17.4,86.8,0.7
2026-04-24 18:53:13.589478,21.6,86.5,0.7
2026-04-24 18:53:18.591650,31.9,85.7,0.7
2026-04-24 18:53:23.593881,11.2,85.9,0.7
2026-04-24 18:53:28.596918,7.3,85.9,0.7
2026-04-24 18:53:33.599138,21.1,87.3,0.7
2026-04-24 18:53:38.601579,29.5,87.7,0.7
2026-04-24 18:53:43.603829,6.7,87.2,0.7
2026-04-24 18:53:48.606403,35.6,87.8,0.7
2026-04-24 18:53:53.609331,30.7,88.1,0.7
2026-04-24 18:53:58.611928,15.6,87.8,0.7
2026-04-24 18:54:03.614107,10.2,86.7,0.7
2026-04-24 18:54:08.617121,17.7,87.0,0.7
2026-04-24 18:54:13.619821,11.7,86.9,0.7
2026-04-24 18:54:18.622959,17.2,87.1,0.7
2026-04-24 18:54:23.625301,15.4,86.6,0.7
2026-04-24 18:54:28.627522,14.0,86.5,0.7
2026-04-24 18:54:33.632568,29.1,87.0,0.7
2026-04-24 18:54:38.638668,30.5,87.1,0.7
2026-04-24 18:54:43.641470,23.1,87.2,0.7
2026-04-24 18:54:48.645401,25.5,87.1,0.7
2026-04-24 18:54:53.649694,25.2,87.4,0.7
2026-04-24 18:54:58.652466,24.1,87.5,0.7
2026-04-24 18:55:03.655643,28.2,87.4,0.7
2026-04-24 18:55:08.662515,11.1,87.6,0.7
2026-04-24 18:55:13.667230,10.4,86.3,0.7
2026-04-24 18:55:18.669939,14.8,86.3,0.7
2026-04-24 18:55:23.672550,18.2,86.5,0.7
2026-04-24 18:55:28.675507,10.6,86.4,0.7
2026-04-24 18:55:33.677944,18.4,87.1,0.7
2026-04-24 18:55:38.680296,10.1,87.1,0.7
2026-04-24 18:55:43.683001,19.2,87.1,0.7
2026-04-24 18:55:48.686070,37.9,87.6,0.7
2026-04-24 18:55:53.693172,27.2,87.2,0.7
2026-04-24 18:55:58.696527,18.7,87.1,0.7
2026-04-24 18:56:03.699877,23.3,86.9,0.7
2026-04-24 18:56:08.702656,20.7,86.9,0.7
2026-04-24 18:56:13.706471,26.4,87.1,0.7
2026-04-24 18:56:18.709868,21.0,86.9,0.7
2026-04-24 18:56:23.713437,16.5,86.7,0.7
2026-04-24 18:56:28.717931,19.1,86.4,0.7
2026-04-24 18:56:33.722396,14.1,86.5,0.7
2026-04-24 18:56:38.727618,13.8,86.3,0.7
2026-04-24 18:56:43.730830,22.4,86.0,0.7
2026-04-24 18:56:48.733032,14.9,85.7,0.7
2026-04-24 18:56:53.735835,13.9,85.8,0.7
2026-04-24 18:56:58.738171,12.8,85.8,0.7
2026-04-24 18:57:03.740998,21.7,85.4,0.7
2026-04-24 18:57:08.744516,19.1,85.0,0.7
2026-04-24 18:57:13.748616,12.9,85.2,0.7
2026-04-24 18:57:18.753288,14.1,85.4,0.7
2026-04-24 18:57:23.757163,18.9,85.6,0.7
2026-04-24 18:57:28.760369,23.6,86.0,0.7
2026-04-24 18:57:33.764437,22.1,86.1,0.7
2026-04-24 18:57:38.797144,17.9,86.0,0.7
2026-04-24 18:57:43.802389,23.1,85.9,0.7
2026-04-24 18:57:48.807926,22.2,86.0,0.7
2026-04-24 18:57:53.852662,24.8,85.9,0.7
2026-04-24 18:57:58.862490,50.2,86.8,0.7
2026-04-24 18:58:03.866464,22.3,86.7,0.7
2026-04-24 18:58:08.871241,23.1,86.4,0.7
2026-04-24 18:58:13.876965,18.2,86.6,0.7
2026-04-24 18:58:18.881086,19.3,86.5,0.7
2026-04-24 18:58:23.883835,20.3,86.5,0.7
2026-04-24 18:58:28.886982,22.2,86.5,0.7
2026-04-24 18:58:33.890364,19.4,86.4,0.7
2026-04-24 18:58:38.901587,98.1,88.4,0.7
2026-04-24 18:58:43.911856,64.2,87.7,0.7
2026-04-24 18:58:48.915292,49.9,87.2,0.7
2026-04-24 18:58:53.917782,41.2,87.3,0.7
2026-04-24 18:58:58.921871,34.7,87.0,0.7
2026-04-24 18:59:03.924479,23.3,87.0,0.7
2026-04-24 18:59:08.928320,43.9,88.5,0.7
2026-04-24 18:59:13.931399,43.0,85.4,0.7
2026-04-24T19:40:25.309577,0.0,86.3,0.7
2026-04-24T19:40:30.312314,47.6,85.5,0.7
2026-04-24T19:40:35.314476,31.0,86.0,0.7
2026-04-24T19:40:40.316666,40.2,86.3,0.7
2026-04-24T19:40:45.319301,42.0,88.0,0.7
2026-04-24T19:40:50.322573,62.5,88.4,0.7
2026-04-24T19:40:55.328063,26.3,87.4,0.7
2026-04-24T19:41:00.331274,20.5,86.7,0.7
2026-04-24T19:41:05.333685,26.2,88.4,0.7
2026-04-24T19:41:10.336490,20.3,88.7,0.7
2026-04-24T19:41:15.338995,23.9,89.3,0.7
2026-04-24T19:41:20.341215,10.5,88.6,0.7
2026-04-24T19:41:25.343244,13.7,88.4,0.7
2026-04-24T19:41:30.345794,8.8,88.4,0.7
2026-04-24T19:41:35.348456,50.2,88.5,0.7
2026-04-24T19:41:40.352293,85.7,88.8,0.7
2026-04-24T19:41:45.355222,25.5,88.9,0.7
2026-04-24T19:41:50.358174,32.0,89.1,0.7
2026-04-24T19:41:55.361323,41.8,90.3,0.7
2026-04-24T19:42:00.363643,45.4,91.7,0.7
2026-04-24T19:42:05.367181,36.4,92.3,0.7
2026-04-24T19:42:10.369689,35.3,92.9,0.7
2026-04-24T19:42:15.372287,44.1,91.7,0.7
2026-04-24T19:42:20.408577,16.7,91.3,0.7
2026-04-24T19:42:25.411177,26.7,90.8,0.7
2026-04-24T19:42:30.414021,33.6,91.2,0.7
2026-04-24T19:42:35.417685,73.2,90.1,0.7
2026-04-24T19:42:40.424790,65.4,90.9,0.7
2026-04-24T19:42:45.428173,65.3,91.8,0.7
2026-04-24T19:42:50.430731,30.8,92.6,0.8
2026-04-24T19:42:55.432981,22.6,93.7,0.8
2026-04-24T19:43:00.435463,20.8,92.7,0.8
2026-04-24T19:43:05.437716,13.2,92.6,0.8
2026-04-24T19:43:10.441374,25.3,92.2,0.8
2026-04-24T19:43:15.444006,23.7,92.7,0.8
2026-04-24T19:43:20.446218,31.4,93.0,0.8
2026-04-24T19:43:25.449041,37.8,92.9,0.8
2026-04-24T19:43:30.452286,46.6,89.0,0.8
2026-04-24T19:43:35.455204,41.4,89.6,0.8
2026-04-24T19:43:40.458037,53.8,92.2,0.8
2026-04-24T19:43:45.460713,29.1,93.2,0.8
2026-04-24T19:43:50.463668,17.4,92.3,0.8
2026-04-24T19:43:55.466346,12.6,91.9,0.8
2026-04-24T19:44:00.468859,13.6,91.0,0.8
2026-04-24T19:44:05.471157,10.0,91.0,0.8
2026-04-24T19:44:10.473403,13.5,90.9,0.8
2026-04-24T19:44:15.476122,13.5,91.0,0.8
2026-04-24T19:44:20.478749,23.5,89.4,0.8
2026-04-24T19:44:25.481596,11.4,89.5,0.8
2026-04-24T19:44:30.484082,17.4,87.5,0.8
2026-04-24T19:44:35.486795,10.1,87.5,0.8
2026-04-24T19:44:40.489615,13.1,87.5,0.8
2026-04-24T19:44:45.492104,10.3,87.6,0.8
2026-04-24T19:44:50.494715,10.9,87.5,0.8
2026-04-24T19:44:55.497021,12.0,87.6,0.8
2026-04-24T19:45:00.499624,23.9,87.7,0.8
2026-04-24T19:45:05.502077,24.3,88.1,0.8
2026-04-24T19:45:10.504675,25.4,88.2,0.8
2026-04-24T19:45:15.506820,18.0,88.3,0.8
2026-04-24T19:45:20.509308,17.0,89.5,0.8
2026-04-24T19:45:25.513232,11.9,89.4,0.8
2026-04-24T19:45:30.515848,12.0,89.5,0.8
2026-04-24T19:45:35.518236,18.7,89.4,0.8
2026-04-24T19:45:40.521516,21.7,89.7,0.8
2026-04-24T19:45:45.524504,26.3,90.0,0.8
2026-04-24T19:45:50.526671,24.7,90.0,0.8
2026-04-24T19:45:55.529391,26.2,90.3,0.8
2026-04-24T19:46:00.532106,26.7,90.4,0.8
2026-04-24T19:46:05.535063,25.1,90.8,0.8
2026-04-24T19:46:10.537509,25.2,91.3,0.8
2026-04-24T19:46:15.540113,28.4,92.2,0.8
2026-04-24T19:46:20.542407,23.9,92.3,0.8
2026-04-24T19:46:25.545110,19.7,92.2,0.8
2026-04-24T19:46:30.548365,26.8,92.2,0.8
2026-04-24T19:46:35.552108,46.9,90.9,0.8
2026-04-24T19:46:40.554300,34.2,91.3,0.8
2026-04-24T19:46:45.556646,38.0,92.5,0.8
2026-04-24T19:46:50.559207,24.1,91.1,0.8
2026-04-24T19:46:55.562293,30.4,91.6,0.8
2026-04-24T19:47:00.564437,26.4,92.0,0.8
2026-04-24T19:47:05.567606,16.4,91.4,0.8
2026-04-24T19:47:10.569822,13.3,90.9,0.8
2026-04-24T19:47:15.572240,30.0,87.7,0.8
2026-04-24T19:47:20.574695,15.3,87.9,0.8
2026-04-24T19:47:25.577306,21.5,88.8,0.8
2026-04-24T19:47:30.579746,21.0,89.4,0.8
2026-04-24T19:47:35.581983,12.3,89.4,0.8
2026-04-24T19:47:40.584361,18.1,89.3,0.8
2026-04-24T19:47:45.586831,16.8,89.6,0.8
2026-04-24T19:47:50.589543,14.9,89.9,0.8
2026-04-24T19:47:55.592490,13.5,90.0,0.8
2026-04-24T19:48:00.594825,35.5,92.7,0.8
2026-04-24T19:48:05.597131,9.8,92.6,0.8
2026-04-24T19:48:10.599316,15.3,92.4,0.8
2026-04-24T19:48:15.601654,18.9,92.7,0.8
2026-04-24T19:48:20.606271,11.4,91.9,0.8
2026-04-24T19:48:25.608760,18.0,91.3,0.8
2026-04-24T19:48:30.612152,17.7,91.6,0.8
2026-04-24T19:48:35.614271,30.1,92.0,0.8
2026-04-24T19:48:40.617451,33.9,88.5,0.8
2026-04-24T19:48:45.619936,29.4,88.9,0.8
2026-04-24T19:48:50.622473,26.2,88.9,0.8
2026-04-24T19:48:55.625237,23.1,89.1,0.8
2026-04-24T19:49:00.628064,25.2,89.3,0.8
2026-04-24T19:49:05.630668,30.2,89.4,0.8
2026-04-24T19:49:10.633339,32.6,89.7,0.8
2026-04-24T19:49:15.635454,23.3,89.7,0.8
2026-04-24T19:49:20.638198,22.4,89.3,0.8
2026-04-24T19:49:25.641185,23.9,89.3,0.8
2026-04-24T19:49:30.643437,24.9,89.3,0.8
2026-04-24T19:49:35.645862,16.4,89.3,0.8
2026-04-24T19:49:40.648079,10.5,89.4,0.8
2026-04-24T19:49:45.650424,10.1,87.4,0.8
2026-04-24T19:49:50.652941,15.6,88.2,0.8
2026-04-24T19:49:55.655025,14.6,87.9,0.8
2026-04-24T19:50:00.657470,6.1,87.7,0.8
2026-04-24T19:50:05.660125,6.8,87.7,0.8
2026-04-24T19:50:10.662437,7.8,87.3,0.8
2026-04-24T19:50:15.664661,5.7,87.3,0.8
2026-04-24T19:50:20.667624,10.8,88.3,0.8
2026-04-24T19:50:25.670430,18.9,88.5,0.8
2026-04-24T19:50:30.672855,24.4,88.7,0.8
2026-04-24T19:50:35.675954,21.6,88.9,0.8
2026-04-24T19:50:40.678105,15.2,83.2,0.8
2026-04-24T19:50:45.680403,20.3,84.6,0.8
2026-04-24T19:50:50.682881,34.9,85.3,0.8
2026-04-24T19:50:55.685195,41.7,85.8,0.8
2026-04-24T19:51:00.701238,74.4,87.4,0.8
2026-04-24T19:51:05.703517,42.1,87.6,0.8
2026-04-24T19:51:10.705690,34.9,85.5,0.8
2026-04-24T19:51:15.708139,29.4,85.6,0.8
2026-04-24T19:51:20.710837,34.8,86.1,0.8
2026-04-24T19:51:25.713101,18.2,86.7,0.8
2026-04-24T19:51:30.715574,14.2,87.4,0.8
2026-04-24T19:51:35.718802,17.8,87.5,0.8
2026-04-24T19:51:40.721954,24.5,86.2,0.8
2026-04-24T19:51:45.724046,20.8,85.3,0.8
2026-04-24T19:51:50.726565,27.0,85.3,0.8
2026-04-24T19:51:55.729430,27.2,85.9,0.8
2026-04-24T19:52:00.733145,28.7,86.0,0.8
2026-04-24T19:52:05.752923,38.5,86.3,0.8
2026-04-24T19:52:10.756977,90.9,86.2,0.8
2026-04-24T19:52:15.764313,88.6,87.4,0.8
2026-04-24T19:52:20.769200,49.5,84.6,0.8
2026-04-24T19:52:25.771858,17.8,84.0,0.8
2026-04-24T19:52:30.774102,9.9,84.1,0.8
2026-04-24T19:52:35.776440,26.3,84.3,0.8
2026-04-24T19:52:40.779114,43.0,84.6,0.8
2026-04-24T19:52:45.781833,43.3,84.7,0.8
2026-04-24T19:52:50.785173,34.6,85.0,0.8
2026-04-24T19:52:55.789102,25.8,85.5,0.8
2026-04-24T19:53:00.791389,28.1,87.6,0.8
2026-04-24T19:53:05.794110,27.1,87.9,0.8
2026-04-24T19:53:10.800514,40.7,89.1,0.8
2026-04-24T19:53:15.805899,69.4,88.0,0.8
2026-04-24T19:53:20.810933,55.4,87.8,0.8
2026-04-24T19:53:25.814072,28.7,88.2,0.8
2026-04-24T19:53:30.816772,14.1,88.2,0.8
2026-04-24T19:53:35.819643,11.0,88.6,0.8
2026-04-24T19:53:40.821883,9.5,88.1,0.8
2026-04-24T19:53:45.824553,14.9,88.2,0.8
2026-04-24T19:53:50.827065,13.1,88.3,0.8
2026-04-24T19:53:55.830574,13.1,88.4,0.8
2026-04-24T19:54:00.833480,21.6,86.4,0.8
2026-04-24T19:54:05.835863,21.6,85.5,0.8
2026-04-24T19:54:10.838663,26.5,80.6,0.8
2026-04-25T10:36:48.171454,0.0,79.1,0.8
2026-04-25T10:36:53.192045,56.9,80.7,0.8
2026-04-25T10:36:58.241080,88.8,82.0,0.8
2026-04-25T10:37:24.311500,0.0,85.7,0.8
2026-04-25T10:37:29.314319,32.3,86.0,0.8
2026-04-25T10:37:34.316615,15.4,86.7,0.8
2026-04-25T10:37:39.319618,8.6,86.7,0.8
2026-04-25T10:37:44.322792,6.5,86.3,0.8
2026-04-25T10:37:49.325952,17.0,86.6,0.8
2026-04-25T10:37:54.328898,16.8,86.0,0.8
2026-04-25T10:37:59.331316,25.2,86.4,0.8
2026-04-25T10:38:04.334515,13.1,86.6,0.8
2026-04-25T10:38:09.337491,39.1,87.5,0.8
2026-04-25T10:38:14.339991,27.2,87.9,0.8
2026-04-25T10:38:19.342376,23.5,87.5,0.8
2026-04-25T10:38:24.345089,27.4,86.0,0.8
2026-04-25T10:38:29.357259,27.4,86.6,0.8
2026-04-25T10:38:34.363518,31.6,88.1,0.8
2026-04-25T10:38:39.368283,55.2,90.6,0.8
2026-04-25T10:38:44.412816,58.5,91.5,0.8
2026-04-25T10:38:49.418949,42.2,89.8,0.8
2026-04-25T10:38:54.421583,42.3,88.2,0.8
2026-04-25T10:38:59.425436,42.0,89.1,0.8
2026-04-25T10:39:04.428157,25.1,89.1,0.8
2026-04-25T10:39:09.431707,29.1,89.9,0.8
2026-04-25T10:39:14.435872,28.0,90.0,0.8
2026-04-25T10:39:19.438303,20.2,90.3,0.8
2026-04-25T10:39:24.440441,24.2,90.7,0.8
2026-04-25T10:39:29.442924,20.3,90.8,0.8
2026-04-25T10:39:34.445888,8.1,90.3,0.8
2026-04-25T10:39:39.448197,24.8,90.5,0.8
2026-04-25T10:39:44.450577,14.8,90.4,0.8
2026-04-25T10:39:49.453759,34.7,90.2,0.8
2026-04-25T10:39:54.456970,61.4,93.2,0.8
2026-04-25T10:39:59.459741,19.8,92.8,0.8
2026-04-25T10:40:04.463049,12.0,92.6,0.8
2026-04-25T10:40:09.466240,19.2,92.9,0.8
2026-04-25T10:40:14.468567,10.7,92.8,0.8
2026-04-25T10:40:19.471966,9.4,92.8,0.8
2026-04-25T10:40:24.474650,18.1,92.4,0.8
2026-04-25T10:40:29.477342,6.8,90.0,0.8
2026-04-25T10:40:34.479829,11.6,90.2,0.8
2026-04-25T10:40:39.483740,24.4,90.7,0.8
2026-04-25T10:40:44.486877,19.2,91.0,0.8
2026-04-25T10:40:49.489552,18.6,90.7,0.8
2026-04-25T10:40:54.491848,37.4,90.0,0.8
2026-04-25T10:40:59.494599,35.8,88.5,0.8
2026-04-25T10:41:04.497158,14.1,87.7,0.8
2026-04-25T10:41:09.499454,17.2,87.7,0.8
2026-04-25T10:41:14.501846,10.6,87.3,0.8
2026-04-25T10:41:19.504406,11.8,87.5,0.8
2026-04-25T10:41:24.506784,11.8,87.3,0.8
2026-04-25T10:41:29.508960,9.9,87.2,0.8
2026-04-25T10:41:34.511476,18.9,87.2,0.8
2026-04-25T10:41:39.513759,10.5,87.3,0.8
2026-04-25T10:41:44.516360,18.7,87.2,0.8
2026-04-25T10:41:49.518757,20.4,86.8,0.8
2026-04-25T10:41:54.521138,18.5,86.9,0.8
2026-04-25T10:41:59.523700,17.9,86.8,0.8
2026-04-25T10:42:04.526717,15.3,87.1,0.8
2026-04-25T10:42:09.529326,19.7,87.9,0.8
2026-04-25T10:42:14.531883,13.5,88.3,0.8
2026-04-25T10:42:19.534816,8.2,88.2,0.8
2026-04-25T10:42:24.537633,7.9,88.0,0.8
2026-04-25T10:42:29.540305,11.3,88.4,0.8
2026-04-25T10:42:34.543313,17.2,88.2,0.8
2026-04-25T10:42:39.546031,19.1,83.7,0.8
2026-04-25T10:42:44.548471,10.9,83.1,0.8
2026-04-25T10:42:49.551340,20.6,83.0,0.8
